algorithm,n_samples,n_features,time_ms,metric_name,metric_value,device
AdamW,512,32,2.7283,Accuracy,100.000000,CUDA
AdamW,512,32,2.732,BCE_Loss,0.018312,CUDA
Nadam,512,32,3.3004,Accuracy,100.000000,CUDA
Nadam,512,32,3.1786,BCE_Loss,0.018090,CUDA
RMSProp,512,32,2.8182,Accuracy,100.000000,CUDA
RMSProp,512,32,3.0557,BCE_Loss,0.000000,CUDA
SGD_Nesterov,512,32,2.7467,Accuracy,100.000000,CUDA
SGD_Nesterov,512,32,2.8428,BCE_Loss,0.000762,CUDA
SGDR,512,32,3.669,Accuracy,100.000000,CUDA
SGDR,512,32,3.5957,BCE_Loss,0.002357,CUDA
LBFGS,512,32,2.6433,Accuracy,100.000000,CUDA
LBFGS,512,32,2.5229,BCE_Loss,0.000018,CUDA
GMM_EM,512,32,12.0414,LogLikelihood,-45.492393,CUDA
KernelPCA,512,32,1.2864,VarExplained,222.868896,CUDA
MLP_AdamW,512,32,43.9555,Accuracy,100.000000,CUDA
MLP_AdamW,512,32,44.5807,CE_Loss,0.000470,CUDA
RandomForest,512,32,199.5894,Accuracy,100.000000,CUDA
RandomForest,512,32,177.8308,OOB_Accuracy,100.000000,CUDA
AdamW,1024,32,4.0209,Accuracy,100.000000,CUDA
AdamW,1024,32,4.0514,BCE_Loss,0.007625,CUDA
Nadam,1024,32,4.1057,Accuracy,100.000000,CUDA
Nadam,1024,32,4.5501,BCE_Loss,0.007444,CUDA
RMSProp,1024,32,3.8487,Accuracy,100.000000,CUDA
RMSProp,1024,32,3.6722,BCE_Loss,0.000000,CUDA
SGD_Nesterov,1024,32,3.4007,Accuracy,100.000000,CUDA
SGD_Nesterov,1024,32,3.6307,BCE_Loss,0.000815,CUDA
SGDR,1024,32,3.5056,Accuracy,100.000000,CUDA
SGDR,1024,32,3.5321,BCE_Loss,0.001772,CUDA
LBFGS,1024,32,19.9938,Accuracy,100.000000,CUDA
LBFGS,1024,32,24.0025,BCE_Loss,0.000006,CUDA
GMM_EM,1024,32,11.5183,LogLikelihood,-39.587732,CUDA
KernelPCA,1024,32,1.2702,VarExplained,589.333374,CUDA
MLP_AdamW,1024,32,54.0627,Accuracy,100.000000,CUDA
MLP_AdamW,1024,32,48.5546,CE_Loss,0.000126,CUDA
RandomForest,1024,32,392.0942,Accuracy,100.000000,CUDA
RandomForest,1024,32,316.2925,OOB_Accuracy,100.000000,CUDA
AdamW,2048,32,3.7987,Accuracy,100.000000,CUDA
AdamW,2048,32,4.1887,BCE_Loss,0.001886,CUDA
Nadam,2048,32,3.8098,Accuracy,100.000000,CUDA
Nadam,2048,32,4.1769,BCE_Loss,0.001809,CUDA
RMSProp,2048,32,3.6849,Accuracy,100.000000,CUDA
RMSProp,2048,32,3.7307,BCE_Loss,0.000000,CUDA
SGD_Nesterov,2048,32,4.4698,Accuracy,100.000000,CUDA
SGD_Nesterov,2048,32,4.2847,BCE_Loss,0.000262,CUDA
SGDR,2048,32,4.8693,Accuracy,100.000000,CUDA
SGDR,2048,32,4.9554,BCE_Loss,0.000564,CUDA
LBFGS,2048,32,1.3191,Accuracy,100.000000,CUDA
LBFGS,2048,32,1.3211,BCE_Loss,0.000001,CUDA
GMM_EM,2048,32,16.0885,LogLikelihood,-39.583548,CUDA
KernelPCA,2048,32,1.5487,VarExplained,1275.027100,CUDA
MLP_AdamW,2048,32,59.7265,Accuracy,100.000000,CUDA
MLP_AdamW,2048,32,56.9497,CE_Loss,0.000011,CUDA
RandomForest,2048,32,796.6945,Accuracy,100.000000,CUDA
RandomForest,2048,32,604.2054,OOB_Accuracy,99.951148,CUDA
AdamW,4096,32,5.4149,Accuracy,100.000000,CUDA
AdamW,4096,32,5.5014,BCE_Loss,0.000537,CUDA
Nadam,4096,32,5.1533,Accuracy,100.000000,CUDA
Nadam,4096,32,4.9925,BCE_Loss,0.000498,CUDA
RMSProp,4096,32,5.213,Accuracy,100.000000,CUDA
RMSProp,4096,32,5.1123,BCE_Loss,0.000000,CUDA
SGD_Nesterov,4096,32,5.6235,Accuracy,100.000000,CUDA
SGD_Nesterov,4096,32,6.1724,BCE_Loss,0.000184,CUDA
SGDR,4096,32,7.4674,Accuracy,100.000000,CUDA
SGDR,4096,32,7.0161,BCE_Loss,0.000342,CUDA
LBFGS,4096,32,4.8272,Accuracy,100.000000,CUDA
LBFGS,4096,32,5.8431,BCE_Loss,0.000007,CUDA
GMM_EM,4096,32,22.999,LogLikelihood,-39.662981,CUDA
KernelPCA,4096,32,2.0744,VarExplained,2431.123779,CUDA
MLP_AdamW,4096,32,91.3962,Accuracy,100.000000,CUDA
MLP_AdamW,4096,32,86.8631,CE_Loss,0.000007,CUDA
RandomForest,4096,32,1920.6316,Accuracy,100.000000,CUDA
RandomForest,4096,32,1607.273,OOB_Accuracy,99.975580,CUDA
AdamW,8192,32,8.3745,Accuracy,100.000000,CUDA
AdamW,8192,32,8.9697,BCE_Loss,0.000058,CUDA
Nadam,8192,32,9.1449,Accuracy,100.000000,CUDA
Nadam,8192,32,9.2888,BCE_Loss,0.000050,CUDA
RMSProp,8192,32,8.4854,Accuracy,100.000000,CUDA
RMSProp,8192,32,9.3586,BCE_Loss,0.000000,CUDA
SGD_Nesterov,8192,32,10.2685,Accuracy,100.000000,CUDA
SGD_Nesterov,8192,32,9.736,BCE_Loss,0.000057,CUDA
SGDR,8192,32,11.2906,Accuracy,100.000000,CUDA
SGDR,8192,32,10.9592,BCE_Loss,0.000109,CUDA
LBFGS,8192,32,1.5386,Accuracy,100.000000,CUDA
LBFGS,8192,32,1.5098,BCE_Loss,0.000000,CUDA
GMM_EM,8192,32,44.4119,LogLikelihood,-39.664623,CUDA
KernelPCA,8192,32,3.4999,VarExplained,4166.261719,CUDA
MLP_AdamW,8192,32,174.9305,Accuracy,100.000000,CUDA
MLP_AdamW,8192,32,185.4801,CE_Loss,0.000000,CUDA
RandomForest,8192,32,1717.2264,Accuracy,100.000000,CUDA
RandomForest,8192,32,1736.0643,OOB_Accuracy,100.000000,CUDA
AdamW,16384,32,31.3655,Accuracy,100.000000,CUDA
AdamW,16384,32,31.7008,BCE_Loss,0.000003,CUDA
Nadam,16384,32,40.3023,Accuracy,100.000000,CUDA
Nadam,16384,32,43.5519,BCE_Loss,0.000003,CUDA
RMSProp,16384,32,39.5818,Accuracy,100.000000,CUDA
RMSProp,16384,32,40.9701,BCE_Loss,0.000000,CUDA
SGD_Nesterov,16384,32,41.6021,Accuracy,100.000000,CUDA
SGD_Nesterov,16384,32,45.2258,BCE_Loss,0.000071,CUDA
SGDR,16384,32,35.2062,Accuracy,100.000000,CUDA
SGDR,16384,32,40.9678,BCE_Loss,0.000121,CUDA
LBFGS,16384,32,134.1204,Accuracy,100.000000,CUDA
LBFGS,16384,32,153.5417,BCE_Loss,0.000003,CUDA
GMM_EM,16384,32,122.5638,LogLikelihood,-39.680535,CUDA
KernelPCA,16384,32,16.1522,VarExplained,6330.787109,CUDA
MLP_AdamW,16384,32,341.5651,Accuracy,100.000000,CUDA
MLP_AdamW,16384,32,316.5378,CE_Loss,0.000000,CUDA
RandomForest,16384,32,1356.0632,Accuracy,100.000000,CUDA
RandomForest,16384,32,1375.19,OOB_Accuracy,100.000000,CUDA
